Brand,Model,Year,Make,Miles,Price
Toyota,Corolla,1998,CE,121049,2999
Toyota,Corolla,1998,LE,67659,7300
Toyota,Corolla,1998,CE,119682,2900
Toyota,Corolla,1998,VE,137120,1800
Toyota,Corolla,2015,S,73961,15995
Toyota,Corolla,2015,S Premium,73771,16987
Toyota,Corolla,2015,L,52174,16911
Toyota,Corolla,2015,LE,22900,20065
Toyota,Corolla,2015,LE,50092,1600
Toyota,Corolla,2015,S Plus,56517,16881
Toyota,Corolla,2015,LE,28282,17490
Toyota,Corolla,2015,LE,57033,15999
Toyota,Corolla,2015,LE,65130,15980
Toyota,Corolla,2017,SE,48610,18739
Toyota,Corolla,2020,LE,62872,18675
Toyota,Corolla,2019,LE,10244,20896
Toyota,Corolla,2019,LE,38581,18946
Toyota,Corolla,2016,LE,49111,16450
Toyota,Corolla,2020,LE,19832,15499
Toyota,Corolla,2013,S,66086,13995
Toyota,Corolla,2016,S,30869,13995
Toyota,Corolla,2020,LE,27752,18980
Toyota,Corolla,2018,SE,18930,18000
Toyota,Corolla,2018,SE,35953,19194
Toyota,Corolla,2017,LE,57940,17994
Toyota,Corolla,2021,LE,27379,19000
Toyota,Corolla,2018,L,12102,20516
Toyota,Corolla,2018,LE,13613,19500
Toyota,Corolla,2009,LE,120180,7499
Toyota,Corolla,2021,LE,14886,22095
Toyota,Corolla,2019,SE,17282,14999
Toyota,Corolla,2018,SE,30761,14999
Toyota,Corolla,2019,LE,49867,18949
Toyota,Corolla,2014,S Plus,99789,12796
Toyota,Corolla,2020,LE,10014,21739
Toyota,Corolla,2019,LE,47219,18590
Toyota,Corolla,2021,LE,11086,23914
Toyota,Corolla,2013,S,50773,14000
Toyota,Corolla,2018,LE,23905,18739
Toyota,Corolla,2017,L,48997,14498
Toyota,Corolla,2018,L,60208,16977
Toyota,Corolla,2017,SE,61471,16900
Toyota,Corolla,1993,DX,161125,3499
Toyota,Corolla,1993,DX,177265,3988
Toyota,Corolla,1994,DX,249844,1900
Toyota,Corolla,1995,DX,53449,5995
Toyota,Corolla,1995,,115132,2999
Toyota,Corolla,1996,,72174,7995
Toyota,Corolla,1996,,100289,4499
Toyota,Corolla,1996,,99078,5000
Toyota,Corolla,1996,,130205,2990
Toyota,Corolla,1997,DX,117876,3975
Toyota,Corolla,1997,,226888,1998
Toyota,Corolla,1997,DX,95168,3995
Toyota,Corolla,1999,CE,67403,5995
Toyota,Corolla,1999,LE,315732,1195
Toyota,Corolla,2000,CE,77753,4499
Toyota,Corolla,2000,VE,116600,2995
Toyota,Corolla,2001,LE,85454,4495
Toyota,Corolla,2001,CE,76500,5299
Toyota,Corolla,2001,LE,127784,4999
Toyota,Corolla,2001,LE,184434,3499
Toyota,Corolla,2001,CE,127237,5995
Toyota,Corolla,2002,CE,89405,4999
Toyota,Corolla,2002,LE,68062,6490
Toyota,Corolla,2002,LE,126386,5499
Toyota,Corolla,2004,LE,39400,7995
Toyota,Corolla,2004,,125009,5249
